Date,Shacharis,Mincha,Maariv
2018/7/23,6:45 / 6:50 / 7:30,6:00 / 8:15 / 8:35,9:05 / 9:30
2018/7/24,6:45 / 6:50 / 7:30,6:00 / 8:15 / 8:35,9:05 / 9:30
2018/7/25,6:45 / 6:50 / 7:30,6:00 / 8:15 / 8:35,9:05 / 9:30
2018/7/26,6:45 / 6:50 / 7:30,6:00 / 8:15 / 8:35,9:05 / 9:30
2018/7/29,7:30 / 8:00 / 8:30,6:00 / 8:15 / 8:30,9:00 / 9:30
2018/7/30,6:45 / 6:50 / 7:30,6:00 / 8:15 / 8:30,9:00 / 9:30
2018/7/31,6:45 / 6:50 / 7:30,6:00 / 8:15 / 8:30,9:00 / 9:30
2018/8/1,6:45 / 6:50 / 7:30,6:00 / 8:15 / 8:30,9:00 / 9:30
2018/8/2,6:45 / 6:50 / 7:30,6:00 / 8:15 / 8:30,9:00 / 9:30
2018/8/5,7:30 / 8:00 / 8:30,6:00 / 8:15 / 8:20,8:50 / 9:30
2018/8/6,<b>7:30 / 8:30</b>,6:00 / 8:15 / 8:20,8:50 / 9:30
2018/8/7,6:45 / 6:50 / 7:30,6:00 / 8:15 / 8:20,8:50 / 9:30
2018/8/8,6:45 / 6:50 / 7:30,6:00 / 8:15 / 8:20,8:50 / 9:30
2018/8/9,6:45 / 6:50 / 7:30,6:00 / 8:15 / 8:20,8:50 / 9:30
2018/8/12,7:30 / 8:00 / 8:30,6:00 / 8:10,8:40 / 9:30
2018/8/13,6:45 / 6:50 / 7:30,6:00 / 8:10,8:40 / 9:30
2018/8/14,6:45 / 6:50 / 7:30,6:00 / 8:10,8:40 / 9:30
2018/8/15,6:45 / 6:50 / 7:30,6:00 / 8:10,8:40 / 9:30
2018/8/16,6:45 / 6:50 / 7:30,6:00 / 8:10,8:40 / 9:30
2018/8/19,7:30 / 8:00 / 8:30,6:00 / 7:55,8:25 / 9:30
2018/8/20,6:45 / 6:50 / 7:30,6:00 / 7:55,8:25 / 9:30
2018/8/21,6:45 / 6:50 / 7:30,6:00 / 7:55,8:25 / 9:30
2018/8/22,6:45 / 6:50 / 7:30,6:00 / 7:55,8:25 / 9:30
2018/8/23,6:45 / 6:50 / 7:30,6:00 / 7:55,8:25 / 9:30
2018/8/26,7:30 / 8:00 / 8:30,6:00 / 7:45,8:15 / 9:30
2018/8/27,6:45 / 6:50 / 7:30,6:00 / 7:45,8:15 / 9:30
2018/8/28,6:45 / 6:50 / 7:30,6:00 / 7:45,8:15 / 9:30
2018/8/29,6:45 / 6:50 / 7:30,6:00 / 7:45,8:15 / 9:30
2018/8/30,6:45 / 6:50 / 7:30,6:00 / 7:45,8:15 / 9:30
